Column1,Column2,Column3,Column4,Column5
-0.014642561234194646,0.4287946543907901,1.7506895495747112,1.5514200932718751,14.331006157304842
-0.0009643716741258345,0.5941382202981917,2.8619121798007576,1.7415310411778857,18.622752586902834
-0.0009763395581785525,0.5801245541094888,1.8455061239621278,1.5379494726279295,22.55853871636475
0.004583200433155322,0.4903759310045959,1.7061042336807515,1.5779325818426706,47.20767657374722
-0.0956689096878547,0.5462664959095886,2.862199509674089,2.3483307862891105,44.70793087348875
-0.03394841979551921,0.2764475175665393,2.5156673250624495,1.4005145126220682,40.78458939657128
-0.011633715941952375,0.5286487230340241,1.6949645802101467,1.1681979294760232,54.0097734037729
-0.025796558225024354,0.4315113153459558,2.1611193557610697,1.3711294535572678,47.8033116211144
0.009643862684638158,0.7468960200975292,1.5011136739833797,1.4081349861843013,9.133383490203755
-0.032759200487092376,0.4868958806020799,1.8134714295913192,1.5947217595014656,35.73179184168464
-0.02837111035126917,0.8106804943295716,1.4442657250407782,1.9324593718606144,28.458663801712987
-0.056684239716019824,0.5666865005072724,2.5491110348447172,1.8419773843373757,22.55202648693046
-0.016345884460196,0.7081614914951091,1.2168402158221514,1.327567630030734,43.70913701755899
-0.02730441122591276,0.4899853301638124,1.6083560118381928,1.809375700686518,59.53806313073005
-0.0035044073592871436,0.9352546050213277,1.4702268255408852,1.1553280127700418,25.28242912368819
-0.02795634232386549,0.5660290921774779,1.2908319419479515,1.7843255089271142,49.034736624322136
-0.03118355856122335,0.6265406961666151,1.8414211215865652,1.4841619217317439,30.243023837510464
-0.002036885824976055,0.43200372935927367,1.035978892262865,1.4939771790221639,32.68640147317524
-0.019244818524023845,0.7552347001169124,1.4134025831939292,1.3830806005359966,19.72336937936234
-0.050234190744719465,0.6426915829231138,1.8308629597534396,1.5468620591689735,31.76605270131597
-0.029371426352061084,0.7796846498225981,1.661195069983082,1.23603850083903,-4.457514923720055
-0.029023545052830634,0.6527878718985903,2.0097359622089934,1.857808349022606,8.520575551367983
-0.010691986127159334,0.4666129715562734,1.7999151092781207,1.7991377417109942,19.60044982996783
0.023437297843570706,0.6718736328761342,1.492190910724293,1.4921862042640148,1.6975698187860644
-0.027376739240942152,0.8435683057314763,1.558970958784093,1.6110000517655778,17.093281877932895
-0.13501605831088911,0.7489900362654924,3.0075600935752087,1.9767783981311364,55.74017204950792
-0.026531605620563968,0.5453328219631763,1.5621482605643435,1.7649930117634853,30.395357953655093
-0.016635386646551297,0.5526040485875227,2.0668322110277413,1.2070996363608915,54.05704687921343
-0.03970855372196719,0.6592396131797529,1.7325605521343226,1.6308131032867843,13.150530611148724
0.014524599830304387,0.6639373012133736,0.8917472901075488,1.1497886438698455,-11.62548034208487
-0.03589666085558128,0.6169016909637948,2.142234136832421,1.7383769199140557,-0.1062988854997684
0.010124546131921375,0.6905377727368719,1.9243196692749873,1.2462484353658736,17.830342788995836
-0.025767340661019652,0.5782719429011386,1.4834570854715097,1.5920540124965394,16.776631789999215
-0.04773017599103391,0.5083285724081733,2.051797368215662,1.9665630259511238,31.086484475786847
0.013792063262826565,0.7004448262387087,1.4215244985135538,1.6860324469548686,15.67602691190666
-0.015498450661898321,0.6522809087704706,1.4075797347007981,1.629702591075,-6.277314348442815
-0.040621999020916594,0.5620900462025948,2.3863593212750933,1.7554411442307603,43.342464987445965
-0.008017864231381518,0.6242124530787925,1.9849067103669729,1.7646048791407498,33.90191868042393
-0.05989661290482049,0.7942052857911418,2.5767641790797677,1.6796457119459849,8.274105990381145
-0.012416675646976029,0.48549589634655194,1.9135496527943145,1.7172166972975385,38.81284063832072
-0.0020899984311132137,0.47281743311379093,2.2510115246656057,1.4411300067540695,17.97976330544668
-0.024839274612003883,0.5872272510131442,2.476759999922517,1.3507100642362022,44.88064693849492
-0.013350591555918034,0.7653983523816926,2.1583575147494365,1.090096605071043,-22.24609302514284
-0.023798997393364225,0.5790758467808301,1.867633854450178,1.7620256778248522,19.472328932471783
-0.009990104271463556,0.645165318215337,1.9533029207716863,1.5194359183121886,4.107097295664744
0.02432708721607924,0.7270525421947241,1.8993363549932836,1.6863260975107541,-8.430574614489842
-0.028836489563433397,0.6663370836117148,1.4914621698959913,1.4882308853293094,32.45199061823064
0.0077989730028646224,0.6616088442156169,1.6061132019132105,1.3328617674824537,9.195501492085327
-0.01993927024308529,0.3171729905647309,2.559559894730957,1.4861392572114807,59.22500021171743
-0.016884608654488237,0.47323106875355186,1.5121596273666889,1.5930962482987052,-8.894254491827951
-0.004491372690994847,0.5915898636204794,1.6804099958450691,1.717984636912674,28.719904201334202
-0.0019805296498816467,0.6926623886800373,1.4763832572323732,1.5480204177030825,29.060506805665455
-0.012010199918352227,0.3501807774635566,2.0551418565166237,1.694002922126058,17.82281695578274
-0.023550558889633574,0.5326850689580425,2.2383099068440053,2.4555141987854947,19.689487109024185
-0.07401733824554371,0.8371742913713611,2.1851599346395396,1.6278911296716405,9.739239767838399
0.006287609820404092,0.7419256458061245,1.3462479253941493,1.1796194515949987,12.688839023367564
-0.013431511907582839,0.7820312544905906,1.3029609682243348,1.321232041008138,2.4588438334718603
-0.07068531991653257,0.6891897810772076,2.3393774250854227,2.1780624934329267,1.2574501559877262
-0.035888654685949525,0.6547280525598824,2.4604339675533793,2.097011201853774,17.221106987334565
-0.029026686549542113,0.539822129775126,2.0332075561867553,1.9373048831255082,35.11131950572542
-0.06530752627298535,0.6800934529394183,2.22687808770382,1.9575901913924354,27.96604168682029
-0.018750000000000003,0.7375,1.3937499999999998,1.3937499999999998,2.3995308803229136
-0.002659136056900026,0.4855054974555971,1.9129652798175816,1.651759034395218,32.418014792210215
0.009162389301399296,0.5103728997620237,1.2739866951190821,1.3788000638294609,37.03891695072866
-0.008624694918998444,0.5739738264929644,1.6403801067420174,1.6394972945838315,41.99513399299724
-0.040694532676094346,0.7152665037365623,1.8182890494646782,1.7764333448341196,14.154835209433145
-0.01678622424660716,0.7615282618266066,1.7217109252494989,1.61304847819556,22.061604055905036
0.020506040374810255,0.3897614170374851,1.3437689149735097,1.2947214295490919,1.8531609236998747
-0.035146574708032924,0.6380844115699177,1.6580932850456014,2.0238490334366612,13.045542912791234
-0.027433735161042194,0.7056142915052956,1.817003835278471,1.5373289460589956,37.58008082319668
-1.3368625964311673e-5,0.5188084039669888,1.2354034804968923,2.039791059462985,18.698566124979607
-0.009365833048729781,0.4916873022472735,1.7931935456621058,1.2864665774994932,17.023040681631528
-0.00017802468049077353,0.5607795701272486,1.5155658644802352,1.34175090671336,13.640859373816511
-0.03007396437102599,0.5965078838371619,1.8425849728350796,1.6115730475721042,17.51925993317309
-0.05681522849613962,0.6309489913519735,2.3492179358601737,1.0840904089371954,42.09093468736626
-0.01917765142861754,0.5905198475811632,1.3524875505128873,1.6698798543075097,-6.260070113027041
-0.011238457127420342,0.5735025920837532,1.6339749046202443,1.6377137989785966,35.58696978292312
-0.07700734143084645,0.6293005890996193,2.7941705216094026,1.7459293109947853,31.480274587640338
-0.009232015404335147,0.6427848992527068,1.4874973307510588,1.182575907609729,3.472903845968517
-0.005117068779777862,0.8397001039285168,1.6073831442691249,1.4806407894297549,20.442638859740555
-0.009886198713021906,0.7278343814441273,1.297048759456892,1.402092593554945,24.980319594976095
-0.0553605596275126,0.39707355955844414,2.320622540977789,2.0052148735983124,74.84955903004834
-0.06706069394393929,0.5543656451271122,2.3959246959868494,1.8096964244957645,40.19113404062193
-0.0062721438685646395,0.6829927693943241,1.6321435732723621,1.468328177768142,12.610347210969053
-0.05470571176708652,0.7489030324878957,1.8991631737312322,1.7557968955571805,2.843536931272979
-0.03903983733386241,0.6644435395658539,2.0673999293047003,1.6563455925655073,10.044362007157815
-0.06778875715489276,0.6798997079494423,2.670930856330119,1.503366746656523,21.206796931240774
-0.016310771707525328,0.873618549571545,1.7319416212165117,1.334794591697388,-22.780352019230577
-0.01982996449748766,0.6417797743453573,1.757631692535268,1.6054382304419181,-10.223169257313202
0.014395773006651631,0.42209464086917825,1.788157752296722,1.30414766487896,55.34553097531045
-0.043685930066595095,0.6442126327203014,1.7687307774555583,1.225797759209775,9.451341323815427
-0.00858213791387536,0.38035575629334,1.957262783108865,1.6443833546928117,44.89617692639513
-0.010988477955409014,0.7189545814175018,1.6086359892575006,1.883874107687835,16.928225763259547
0.001551866928223846,0.7468368870377918,1.5514328046254509,1.301248569062982,20.070478347097605
-0.02301036355099892,0.5477748977811645,1.8735918567779044,1.452876228184416,40.197243687654804
-0.03022182436312098,0.7322357903587872,1.7620355750957322,1.4676594066860416,11.975940297516445
-0.053546651864210155,0.732959406163392,2.2601416450996767,1.366272404149969,17.27348509127262
-0.042451318503770194,0.5693737799193197,1.9656633616119483,1.7433108411226432,24.3654817756551
-0.02305577088921915,0.666688255219561,2.1671753729167795,2.812937867884316,2.211956291591946
0.0024956809892389326,0.6731053763189914,1.2208628687570684,1.5173293179077643,-0.2282679446077509
-0.027958745649671088,0.6435779913932446,1.812360040421889,2.0128489689134144,13.700301663160417
-0.0024748175638414425,0.712948298404714,1.1369335806180854,1.2431165478176416,39.81315315719576
-0.003090674633306736,0.809536456859702,1.4140538939295493,1.286311367958842,-18.820043407487333
-0.08070944637230484,0.7466041374574858,2.8563572168997533,1.514289727068582,20.33409008077308
-0.028030780607568077,0.43933666072800437,2.3771683670004693,1.3331288478728265,42.5447868351514
-0.041895485985821844,0.6596483023548139,1.6926462231795383,1.7884540950243555,22.555416258447508
-0.018420506652653188,0.633156084045871,1.698867981706225,1.4857125457347293,-15.914244450861702
-0.011026793838074467,0.7823709023669647,1.4785861873230932,1.288082640915277,-36.39914469473706
-0.08086320253475186,0.6056863394707727,2.245283174573174,2.6047017634668763,30.57766133965606
-0.053558789503214924,0.5455241389517367,1.89355659404509,1.6876454549570294,16.522747401920356
-0.011442800470592422,0.7180838331780222,1.6723668831200929,1.1575292340533267,39.956893364044504
-0.008991685797784595,0.5773791618016395,1.8636128986607066,1.4608358414586629,31.660497732493923
-0.03983232559184236,0.7397520686138388,1.7200951125860708,1.4536108797457556,30.714330406330077
-0.05931232472360262,0.5836078997468787,2.190838800993315,1.6830141846453741,10.227268439883233
0.007538563579541956,0.7194666208890788,1.4768133088451068,1.8730063581520375,11.352131613642428
0.005492094697288859,0.5560191607942018,1.3241025247676217,1.7149139656174976,31.049640574959312
-0.010170202963329806,0.4606230654808939,2.0709255475792965,1.5713321681709815,34.735571769830244
-0.021029528979095505,0.7909662787818668,2.6270240126682727,1.798926736365526,8.289374065040874
-0.008948899036560971,0.6872791780737084,1.6269593496742187,1.35912816817581,26.156562812792686
-0.00858962250301379,0.4403595059471416,1.6674421089096154,1.3018963074201242,24.47785353643394
-0.027222667170832045,0.7851115380969194,1.9477919369264012,1.1808580667561728,6.743526848053307
-0.029576281708432364,0.9324267364456316,1.536922226793831,1.2271144121361433,4.888816492811657
0.0026100967408605883,0.8662759401869434,1.3269132747866692,1.356554705002536,13.299655142615393
0.004162323002474565,0.2808534698312701,1.5551642691531253,1.2238806679751966,84.0415758272569
-0.04705814431226828,0.5846465517412072,2.047525716003383,1.4112789207582863,62.540539868214296
-0.003748949510814728,0.4583297721357413,1.6181634719842506,1.363142942932386,29.03470407357088
-0.009168014984844531,0.7305010417759448,1.9442966888613573,1.4207665904886069,28.455688829380506
-0.02698709983619092,0.7042261438658084,1.9095691364697556,1.816227362158058,28.791330656260584
-0.06864545911167051,0.6477303892392638,1.9643969944985762,1.9118739180533066,6.93998336552545
-0.021431704371246432,0.5845577106303863,1.9384355362927506,1.9180007312953165,9.393903310934775
-0.005891503766179084,0.7637862898409368,1.4492166060954332,0.9548691768199206,33.85446833136564
-0.0032150133232335073,0.8103122162149704,1.878475258583467,0.7709192508052639,17.05671702707218
-0.028942018582961686,0.6772640339755513,1.740385126050697,1.4924111493689514,-11.594308140823046
-0.021855795515711225,0.8941178215878227,1.8120808494574778,1.5481993201186977,-6.094007661793967
-0.011400533167055617,0.38164448939231155,1.3331247509400856,1.9765954279299938,33.144275253689784
-0.0034842242024800234,0.6490889747854116,2.0353570649046913,1.8063041448297337,8.641811275835153
-0.01962058467135209,0.5048472206231183,2.1105705805955592,1.2785146170808204,36.391764824833444
-0.015319290572921373,0.6209648044655307,1.4354922747324157,1.6619767895070596,12.69649893524047
-0.008099807000978343,0.7338701467798213,1.6546188355464064,1.1817870241427344,46.02712020066758
-0.023979803834433034,0.4395850044961409,2.23337989370281,1.5087848150039622,32.75805406061477
0.018750000000000003,0.7375,1.3937499999999998,1.3937499999999998,-14.970630881520151
-0.03814928289635662,0.632620332054375,2.175383488278195,1.9320181121398292,22.058752417926712
-0.01854171814635685,0.4437883774555984,1.8834299995871013,1.6658932856848543,33.908586681282145
-0.003097871942496708,0.5027508421075645,1.7352256339809249,1.7637702590036726,18.74644342662384
0.0008007779603722224,0.6245370863618275,1.7845053294148299,1.5469686796668471,24.615303854480658
-0.024495296923453536,0.4408497007956349,1.6275260502196143,2.1577426189373403,34.07529589927924
-0.0247270307969302,0.7095289467833936,2.086180598055943,1.0209612076636403,6.178461632071162
-0.0006099001815744021,0.9294324149522909,1.428194666759529,1.5488047526093764,-24.97351788466881
0.004983862679340378,0.987845261291016,0.9396055703791242,1.2183654254395866,-1.9249502340587696
-0.008096840387938177,0.4644032937789113,1.632452067369177,1.2980017031154214,48.128843012343054
-0.03121523857116699,0.6036244392395023,2.4938950061798097,1.4484772205352774,26.107468658972152
-0.01708665539153172,0.4293481017374833,1.9901496330458852,1.6598374366873343,55.50341810003442
-0.009366607666015627,0.6066665649414065,2.2103614807128906,1.24393081665039,23.255753439567115
-0.0010940418554647763,0.3324187073655073,1.2257211426383896,2.0919553255713037,76.58403652686127
-0.024187791943269997,0.5123510368163263,2.498840956360981,2.1364865692563955,9.905721229814276
-0.04682110610012385,0.5681238375102365,2.3737700380285203,1.8067726247746545,22.19064124652448
-0.00036022955834027196,0.5170559464218822,1.7890643312260615,1.55840854879497,19.320336737984803
0.017403865345607453,0.6621484002756848,1.504535540151454,1.5057407512354324,34.91555174705559
-0.0110953697461693,0.6370511924339443,1.877253243774275,1.6070756675612345,32.57845206320553
-0.009466361038479403,0.6555435950879295,1.7288325095035595,1.1251719861377572,23.040453233764538
-0.039407942310548436,0.4776938500983373,2.007821008797269,1.6182189276751031,48.3378226327377
-0.11279289645651776,0.6412047254517891,2.6647346312126494,1.9435423311628721,37.184473312401224
-0.015026760100797149,0.5180892631653977,1.9636789211686592,1.3912212689040606,16.62078243451549
-0.03791120418892847,0.4862328117604122,2.2731654510495094,0.9014872489837951,27.645391240842855
-0.009464574501100186,0.5124727287973709,1.791142957544166,1.7161485941822145,36.68097311158317
-0.03005447125884103,0.5210763007434247,2.2508208493436865,1.7883269666826709,45.10435268187507
-0.010390396844806932,0.6143082480438266,2.4892717081523195,1.5895257895812018,-3.810497131123043
-0.01371322951682876,0.5474776724837331,1.5153874840999155,1.5602821849224955,40.52938762405961
-0.08543105348026005,0.7455838888168405,2.5608841002409983,1.697387972670664,26.20841266115758
-0.021378451038605015,0.4100749662054176,1.5747209981410486,1.6751480091949724,70.69148464396926
-0.001347507043690369,0.4856968838582938,1.4587123107319147,1.8224478243649695,29.924760538678356
-0.024744617817272208,0.4266249993023364,2.294036276967816,1.4821543742703955,38.89234771734084
-0.014260698154874008,0.6010626959682963,1.5937016827156258,1.437713026604872,36.345814783771175
-0.004690316088881915,0.5977434226474179,1.1934654778230536,1.436108114571326,59.73870371343571
-0.004687500000000002,0.40937500000000027,1.8859374999999998,1.0984375000000002,30.485188741513298
-0.032237163988590035,0.5497058828327197,2.172403635829544,1.7553993407013546,56.57054481808814
-0.03047286091387441,0.5997126173132891,2.177144858780452,1.7883265974771188,15.229807735917348
0.009352273901456654,0.5659576764604742,1.4265739132568882,1.4844791149945173,39.72216474286154
0.0013377094406000723,0.4313597967903353,2.0638745081774905,1.0228604256491762,35.76511972560377
-0.01934016782283872,0.4900215961230195,1.9626975034898289,1.815613450520954,39.41969605024417
-0.04095168306112297,0.7430257291233139,1.3734785871925699,1.897524730383168,17.00656994652695
-0.05711249115862505,0.9330870060588512,2.5060326243237565,1.4374947620923175,-3.2667004603825944
-0.044952528512897626,0.6148730457610783,1.9774275197825106,1.6047813804555648,42.268669913054964
-0.05941871127672687,0.5548896636660511,2.2875839025634543,2.100865820472377,29.32321601221406
-0.02434465199368279,0.6476424076658098,1.6436273676502626,1.5986420478268617,20.41108780441766
-0.03240331368031438,0.7156491066835687,1.5987607170968494,1.7375127053036739,9.574606064995237
-0.005188280684126609,0.3705180034092511,1.9558374037800679,1.1893930554880516,37.08217237633005
-0.007109359063520419,0.4595872438213751,1.7887892395425362,1.8360094317911977,59.876178120908776
0.010278499871211811,0.7167542736773188,1.93861007710291,1.0910473760798165,31.05577927580623
-0.008492657246442456,0.4500923526638986,1.3412994600595125,1.6468895251358722,-1.131566002169393
0.0006287588323657641,0.5263437688190149,1.6647582482510175,1.5535068915210601,49.31543305853302
-0.0074363949023390765,0.7779978965890448,1.9080574616264403,1.6970371195938343,13.072431337174748
-0.033857102887380155,0.5638356381777122,1.8722308911223506,2.090859965714959,-0.7124740825502158
-0.01969589803841701,0.6503641562548002,1.6679004495108003,1.4491357825303381,20.564629309821044
-0.016719071431680402,0.5905175571596558,1.5366888541753936,1.516879512101136,26.88604148153547
-0.019242069073554743,0.8403680866331293,1.3656201311029303,1.347229355382507,-3.683494855596109
-0.03230970520088822,0.7227670179958524,1.789276014498664,1.1483508974902406,3.758286595147979
-0.006810756306946501,0.6834427047516153,1.6317206661575243,1.4056221463133605,11.981462056624196
0.010345248371091404,0.6153778694961385,2.030000426661955,1.36810514722473,26.850246624729152
0.006410624563242438,0.828675395893328,1.8692075866245328,1.1019627101235883,-2.429521126942859
-0.007047227138527236,0.6019644159761112,1.5670945446469768,1.4082000851705025,16.050599369052975
-0.00225064250825819,0.9175097707127856,1.6214793137706969,1.0686141609078061,-10.002073557280141
0.02904532951293036,0.4953586978934842,1.6574621084628332,0.6298680802593911,31.133676147028154
-0.03887515254030605,0.609928416896154,2.0856772844329883,1.611649188240909,35.24623283203391
0.005210702713344321,0.7384616267028201,1.4303484908915203,1.8740789888997982,36.087203879246545
-0.04177283813882894,0.6933886049924874,1.8537593228511262,1.2571387997696706,40.56100221396639
0.011077130255760728,0.4727568749773832,1.309718873470811,1.4019431450976927,62.65795716465277
-0.00926888004447474,0.668133255543113,1.2928354990612942,1.657330013211091,7.812142009190438
-0.0015480619904609315,0.49769363724642696,1.315516523897867,1.6188822527505604,18.529295480228598
-0.11062900788480844,0.6395394349035901,2.4769304639096297,1.967141810210613,29.660500381171005
-0.03195490507574613,0.7670358496338563,1.8513190195819453,1.476067090797784,6.997325565542496
-0.007731818898279641,0.3281539608491062,1.823997828510919,1.2341681345217066,44.94272443917498
-0.07360043791817172,0.7851254263228533,2.7217397019169276,1.7253434238328806,13.593942219748214
-0.07105721805551846,0.5479447508911242,2.636842061208738,1.9875021709635528,47.85384883055622
-0.027503705897990203,0.5582710931976034,2.118886843796836,1.7007972664459088,27.162619883262323
-0.02903104468028407,0.5768995905333836,1.940317133937239,1.4087859549222237,28.10306187809681
-0.022419187694164577,0.35310090427202945,2.497477330148901,1.813497159019581,35.55325322153601
-0.03749778874108821,0.7108215377098215,1.5214338417264133,1.4911130767164749,63.32374524979525
-0.07369406148015284,0.6984995991300622,2.57155350208307,1.8679416092849834,12.368762275008862
-0.0014537117958700594,0.7563827381936667,1.2116900064533085,1.2862575447913935,8.617849005684093
0.008080254278082568,0.47034047917359445,1.3380722325835002,0.9901856614430522,2.911595854137431
-0.007252522439872909,0.7292086247218036,1.475806224453926,1.6278039215047395,44.04789686190588
-0.053113279901205915,0.5806806223864042,2.27547456616547,1.315448117284141,35.10465566451194
-0.003125000000000001,0.6062500000000002,1.5906250000000002,1.5906250000000002,60.76495121242431
-0.03545992435973631,0.9049821129210389,1.9279906624540104,1.3103416973840805,21.20477794667238
-0.009864226659619522,0.630334548414846,1.389749766399971,2.091403291761321,-2.027191162938152
-0.038559865113347774,0.6054564198479057,1.9800838111899792,1.85267207911238,20.26892952894252
-0.0027942642227047716,0.38682523891444776,2.280200647135983,1.3321896371519646,40.65839640481943
-0.02139814375542408,0.8821152966595449,1.4795511154980796,1.4328996646971255,-28.646109986328725
-0.028099058195948604,0.7890028320252898,2.3143762554973364,1.1766919638961555,-22.647622778451137
-0.01922306675221135,0.48898912708880093,2.110322343500087,1.3520539461340537,23.18458902009081
-0.027236498232055352,0.7517420509353624,2.062666872726745,1.2408682713492487,11.753901923863395
-0.010265278816223147,0.359492349624634,2.0075128793716432,1.31106436252594,39.6721922114607
-0.0004308334554913246,0.6421736169176996,1.3824199219816526,1.408172104543029,25.07521639028937
-0.007898441985425747,0.6885469593051547,1.1332952770328721,1.2790331773343264,3.1307414753614466
0.0009691533826744992,0.6911046705768378,1.9951476460019384,1.347847465082753,6.867366264990096
0.004728806009696569,0.5057439166625555,1.4041516134656107,1.2622160732865337,48.66054329368126
-0.01431128394142769,0.9174092796179097,1.5455964974128342,1.3632293939630475,5.982916074993227
-0.008271059050822496,0.5647992487061431,1.9128952165245086,1.4096508715557412,32.47245228071654
-0.049135955236200096,0.769591641790474,2.2338884106848105,1.8176359168354448,29.020846196675052
-0.04031247284262114,0.596674362249894,2.82572754848967,1.8671991567428265,34.806123124348346
-0.006673726455472009,0.46475634918707104,1.8608584409580904,1.5199256799177459,66.96681014114347
-0.052573176666649755,0.6859841363811312,1.969809791952997,1.7629493259698095,34.57138569305653
-0.004345691789947188,0.5359535055038958,1.5880651893591122,1.3034260451027344,50.982942656517366
-0.0015327609843363468,0.6158050197227257,1.5075043880317254,1.5220686477981555,0.7603124668335113
-0.017528463691562638,0.6575150727005092,1.592238620834939,1.4953413303874983,11.518742172254633
-0.009911903317028098,0.272333617583968,1.657737072966178,2.075380517944283,35.894632951670246
-0.011753927217249126,0.7254611282688703,1.4996171305081638,1.6799625666551627,0.05010031845665708
-0.010850092428637876,0.4682523466418834,1.7151454345581478,1.0631217983616073,58.66766670276331
-0.004966513724106925,0.3725657420542846,1.9321498582895855,1.2177290839439479,49.689933921850525
-0.013206483099943319,0.6589771366673889,2.1032537328037417,1.2655952892990903,37.05014487324729
-0.0034828094389053295,0.47947255906207725,1.528606182649812,1.4854744633168449,15.143274406813703
0.0005033676183167939,0.799493226343602,2.0168101053078002,1.3110508564530963,10.61622500563874
-0.01306630270381628,0.5424549085974729,2.0961723586905876,1.5337894616291394,24.076705651022507
-0.0159053839035195,0.5014903052283566,1.6834098545069178,1.9197199828615301,62.66566160645414
-0.03825242121986678,0.7205119180930607,1.6760515257796094,1.4038045427438257,18.831891348370164
0.006221981538114191,0.6771457870337132,1.5416062966056456,1.348138360869667,50.19880853242148
-0.01956552960236877,0.6183019725704074,1.5741756864210403,1.3803828774913194,32.048849700202254
-0.030160071654454616,0.7673873204949873,1.5082032521228481,1.720465643630053,2.773186453028302
-0.005497480368350656,0.6168827431108503,1.914183743419094,1.9832653702979113,52.66388381181366
0.008691365836241301,0.6103485193879418,1.3055676599224721,1.3055686403941205,13.927824810272682
-0.007216645197695219,0.654891650167233,1.9024443129676671,1.5803714065876735,8.638470308391788
-0.013341132699083243,0.5210880714207557,1.7734029938130011,1.1458296162956454,-4.145888248488632
0.036758628672860616,0.45101670667476956,1.3981886272338995,1.3145750844916906,19.908408504458862
0.010432534464123795,0.6269040698144546,1.5953506797649415,1.062514135011048,18.894586543893865
-0.07171536730851534,0.7183756199357196,2.95180981567771,1.3735763811196844,17.54702147196383
0.008835639691553232,0.3349563422377878,1.884453709751416,1.3602302173996577,48.600862169617585
-0.014889531919366976,0.5775503342264225,1.927806321323207,1.607494079026004,4.239555103334624
-0.006241855037200032,0.83071673619191,1.4875476145099298,1.2028836243592305,10.304344949793744
0.010609652035031432,0.4942981824501609,1.2705274525184325,1.2745818826631332,37.878013236301285
-0.029840627869694818,0.6438467771866878,2.035285325562877,1.2129857284732386,44.93543293822336
-0.03800187856413206,0.7794527286752263,1.9514128384001737,1.5210954587551346,41.984568726479665
-0.01729246007987572,0.4829623888836553,1.7498077061021469,1.7180548030377025,49.80703228502864
-0.022335158010449115,0.5732551207945623,2.0627336532270326,1.92482318551459,20.548075234887506
-0.011969836081171114,0.8764243088476377,1.2683141055263703,1.2708697206293322,6.7818887255753
-0.02843246062840643,0.6553492521481574,2.07377179118177,1.1557680252114886,30.53253593069894
-0.027249466763421534,0.38809270222879205,2.299357063539391,1.6242703489688253,70.45857982796497
-0.013544809166020407,0.6705683507470126,1.8009933080660878,1.232274419425408,30.957373945884683
-0.030318314218276673,0.7808591472920863,1.4550504346797577,1.9751970571993709,31.07505121079282
-0.029217491305648807,0.6425279088106688,2.4211764626229857,1.3631035539649468,5.087038033559452
-0.058298654765254664,0.6736935138768463,2.2714044846110397,1.3494613057051785,15.57789911295913
-0.05517759367494848,0.6199981459234346,2.041160360894377,1.577662985613974,53.213093364510314
-0.013981589824328108,0.7458152262093763,1.6660827385568142,1.096827254655262,13.28382949394097
-0.06048109669156948,0.8475596707198678,2.5087299772173672,1.419119035337818,-14.847128257813893
-0.03840550947815942,0.4295557598697075,2.512711502327542,1.932087312953013,30.33659815501619
-0.05729170524466194,0.6834593635915159,3.1722790180545424,1.3460845379595987,13.857105215035858
8.446403339276243e-5,0.5580191797330859,1.4681301957723663,1.0665705493370665,32.61328468785848
-0.024791190795965007,0.6690437504151494,1.8399022413961441,1.3048528448102839,-3.1783248471790557
-0.05764413688559496,0.5016337893007576,2.287490819589562,1.7535724880134897,41.62944684411036
-0.014267572364366592,0.6279749789655567,1.4655485476416046,1.7443141298122828,24.323783304725566
-0.09133731603704594,0.7171201808472003,2.905065335381041,2.188370813552719,12.630243372036261
-0.02630733565812901,0.6891280242178676,1.5080629973369502,1.7867018515914768,16.150081730901434
-0.032817176634250766,0.6315652678525169,2.426507432675773,1.436958909623312,36.685291707862575
-0.000574737057139207,0.6274752108255116,1.1520658796704135,1.4597472019395032,45.440816592487295
0.0005066855074574057,0.604493907870483,1.7397737664208532,1.5182232476554187,30.741707305931527
-0.012994791591670808,0.5320844117159683,1.6522141867732902,1.6427206345030765,53.02181037805474
0.010283750519807157,0.8090697346850021,1.4433712550024584,1.3241657045103326,15.098133814292964
-0.07510410173366719,0.7785879497174829,2.3281518904423777,1.4237947489311815,24.2300915630708
-0.04757555763830004,0.7058593355747265,2.1683072564523753,1.4986765961976778,49.31053675733847
-0.015620846256145729,0.3093831361849354,2.291256102290787,0.9860512784964448,52.31681142219975
-0.007998026513144865,0.6750805947640186,1.6025379660948038,1.432969260877785,22.43741650022764
-0.005540379979433665,0.5342377397497353,1.3813627365239012,1.3844034974257986,48.171495579198336
-0.010636329015789923,0.4299581831107699,1.978613624365569,1.8385976791020782,34.17455629726692
-0.04605710134248829,0.7919886762393927,1.3962998410700296,1.7288704259654981,30.645068337243288
-0.02563102829990113,0.5436946318267787,1.8146346827119129,1.666112076596058,26.57176500134028
-0.01999590248588039,0.7253272504693844,1.4453818501778555,1.2992553325771177,0.7535152307958697
0.01611957880857401,0.635601477625679,1.2130321183771007,1.3756884147224968,20.27055645587052
-0.004950113854219904,0.502009909002893,1.6867084853312353,1.848563375776771,15.130419555927006
-0.03859544743315166,0.5587456523831718,2.0841798962438878,1.8923141839459205,63.46980140507185
-0.09643052712583394,0.6519979379438022,2.2115473448276854,2.043827037540864,15.657691882426548
-0.05623351132008529,0.8529227142836562,2.2899579710640467,1.8000317821235559,-45.36168852830622
-0.01557723237995169,0.7211854857246285,1.5856018107058842,1.3826750217181605,22.95726321262771
-0.044434240934707485,0.4817804777896279,1.738404667375907,1.6197908030523014,42.91167408242245
-0.0120209646041601,0.40153263099953457,1.819213427226643,1.4740050210214208,63.06328303670364
-0.06227542190156922,0.5378515597139448,2.0792449863671294,1.8555839150426965,40.99222751308616
0.019113675764841572,0.9312588364515048,1.2291722679365957,0.7407434717254423,4.45883582925569
-0.06821747556366563,0.4459610884750368,3.077512850322403,2.388285876394682,15.717578716488902
-0.05029565224490659,0.6236744634523421,2.0681931358984675,1.5685339502010316,50.956933362165955
-0.006191537064565787,0.5271832011806354,1.5929639211657975,2.0633714490396606,48.4241667396592
-0.01569282624215402,0.6697261984611025,1.584214435051482,1.39075450123686,31.869335032871163
-0.009000809527884434,0.5197490781737456,1.7978641732044525,1.7144064951737539,10.582344868922746
-0.05082030051257249,0.5592456333469009,1.8669970233936581,1.8159109344490636,9.286298692925016
0.0034961142063725716,0.6101497810770544,1.7034531217996332,1.7569556601110419,22.880286879517485
-0.009599676088728533,0.835348381851187,1.8703540627885322,1.3731770831918455,-12.6835378084603
-0.012350273874365273,0.6782292749089126,1.7065319368665486,1.255343419846849,26.670235266780196
-0.0025609890535859426,0.6496344573413273,1.2582037899676963,1.5410547591773487,15.885410550271672
-0.04546795529210372,0.7498498484018552,2.0158598809429424,1.696082137831854,9.838441098324097
-0.0011597332282896385,0.6600288348331008,1.322893812410772,1.3219418041455278,19.04664194396753
0.004565535066759616,0.4005059306452864,1.4489032302291764,1.6225456662230857,38.146500815278046
0.008830203274459297,0.5761117292195546,1.6662341637919185,1.594711285242402,41.51448725839009
-0.05197927068615639,0.6713279689221773,2.0048042569166733,1.858569810876746,9.390683883135239
-0.01807546050819188,0.8113329435813827,1.462231129687836,1.109447491556722,24.550221094138237
-0.000832171006963907,0.6624898666727986,1.6457757297362408,1.276250178960751,37.71801925790669
-0.039342343421924435,0.826122955550948,2.0607424718798257,1.077001943693316,-8.118001636161011
0.006639203228405673,0.6428584393986967,1.4592477712401886,1.891731557491584,34.723064168779615
-0.024802540611998387,0.42792938798372965,2.5528574615072586,1.7670687520699921,62.7680867712661
-0.0019961248659503984,0.5551798911977281,0.8576428109727332,1.8058397213287047,32.94436318460396
-0.027364703401974853,0.7480617856491565,1.8457351926100598,1.5472371292098437,10.997267440469727
-0.028174093715739913,0.14992416481072166,2.807231922105412,1.6120042300884667,73.64548742812872
-0.04833407421089899,0.7923813988377524,1.6271780401548077,1.1140019468705398,34.47272533747662
-0.017178604899007584,0.7346827432106906,1.8471335428091427,1.5843555979392678,-0.6644829973461128
-0.017617621729142267,0.5669399835099618,1.8758827354080765,1.5869216310049625,21.626864867707013
-0.0015506050321079032,0.6208312586924595,2.139571239567746,1.317766383252771,-8.29042466116016
-0.016375472593777293,0.5837940770785697,1.9469903309390193,1.1332282983549355,19.199938400700375
0.014923483073046773,0.699613854351576,1.2424499503894135,1.2954680012140032,24.14851941124175
0.006798856952430905,0.871433589858395,1.8934653226915694,1.3456671263661106,-15.37059524201345
-0.05273690016449477,0.702089468242556,1.839923520289517,1.4939111346831568,15.663401648260788
-0.002814543060696757,0.42529933749750226,2.0387709123830033,1.403359022132336,35.6960980182904
0.002484265435650612,0.48343694830255746,1.572693781499322,1.521475515254212,71.30632992628273
-0.0008303393029849783,0.40782134982147733,1.785599877038017,1.3852708140265926,26.464503985383658
-0.01512129306793213,0.5177049160003666,1.8966935873031616,1.7272277593612673,28.42072845678456
-0.0074568510055542,0.629869031906128,0.9896374464035035,1.532125163078308,26.794163793507437
-0.022381938480977644,0.6434311525911108,1.8741663808721092,1.585181076315614,13.83264658090252
-0.008827310800552372,0.22423766851425198,1.4441677510738378,1.8026338994503024,41.567079892479796
-0.013836198368171893,0.5482989080739931,1.3690568920203103,1.096358926911696,45.628673152536635
0.012198391852307124,0.4221998037482694,1.3483298247045576,1.4316168520185406,48.36972412138664
-0.11331279742797837,0.8175735866656155,2.0740481337064165,2.7428739605886303,8.387361279936044
-0.03127936773575997,0.7137046028855099,1.486885889336251,1.7193272770569206,32.567085438894765
-0.011814880371093751,0.6269500732421875,1.4595993041992186,1.3865402221679686,51.88567169806174
-0.031207695239762988,0.7013776855535965,1.5601775047986268,1.482954162460842,5.417298787903746
-0.07722377893912788,0.6298025829930097,2.108281080551068,2.0393330168046266,35.302777285904995
-0.046723066702898,0.8296071710009684,1.5077854862198141,1.8509762471868816,0.040636560431948965
-0.0027132020821096477,0.6900586885721399,1.2492385296985569,1.8305969595498757,16.519741269262227
-0.014759610735909454,0.50595557188421,1.9591763025892543,1.6427692168040298,46.26715019937626
-0.0003001136343932782,0.6786035941322999,1.4604247614126682,1.1415105218232735,15.596711460450138
0.0011248840176681855,0.7476952423406558,1.3575421095147482,1.2729980308375726,13.068534313978489
-0.0031704847816133746,0.3991426644442486,1.83979565335318,1.8338797650292626,38.8234877093015
0.008562044400643076,0.4521453709969373,0.9327934758697449,1.5837632755093103,22.24589686711363
-0.04512859715706274,0.8185406677479483,1.591028091894548,1.5443195076360823,30.781258704637025
-0.05451204361228636,0.7097893399789761,2.1424423696375126,1.4110176783653807,21.010511410755157
0.009533212799794922,0.45019358133108134,1.731977294159088,1.0634185594727432,40.33007140647817
-0.028383820731957658,0.7455428925332137,1.7995774859572697,1.46010081515488,0.6075432797347275
-0.02191658234441245,0.7885953719895445,1.7706120834610424,1.3044399476863984,15.184597643048733
-0.005891418457031251,0.7075714111328126,1.2386917114257812,1.5637405395507813,46.72454232753785
-0.0018142970336392091,0.846505906755961,1.2489996971057746,1.4756047663821255,13.25972073488174
-0.016669032427331074,0.9381122394580481,1.7670781377072058,1.1221733128405362,15.043286926791211
-0.019356994797833062,0.7390453787266129,1.5941648304237113,1.4086760262186615,15.185270833359368
-0.018655618466208924,0.6841494719739787,2.060001686308228,1.5200752039236924,21.137425893748514
-0.04205563366042188,0.6234603072563507,1.9930119921014429,1.6373871549378702,21.93328676995111
0.023347066660779646,0.5240309084622043,1.8982237400757824,1.469776520659456,20.839816546212887
0.00618435276809601,0.3088220998748264,2.0710399313262693,1.4020954603400146,59.49027217857747
-0.009894042813597464,0.5107903356776449,1.6128929492625477,1.4892816473461337,9.34474461537684
-0.03495383074648405,1.043380968874673,1.9847431525163524,1.4294340657658242,3.434367599622078
0.012894093850627545,0.7570350264199078,1.446461781160906,1.3786417104769497,15.127614541863522
-0.013849056945910819,0.7301121908865147,2.054133181382996,1.5375682869454026,-6.818829475212283
-0.029672649502754212,0.8594174683094025,1.5893060237169265,1.597957757115364,-20.874834485076576
-0.0675105595114413,0.618712303223588,2.399410880489765,1.2236657333629541,31.6501925270818
0.0078486987203042,0.7515571573845659,1.9033678457311145,1.4782894029311318,5.064576006969105
0.006372203640083358,0.6578648773620419,1.4804580812910526,1.0271080565272794,34.3687437356773
0.01451278353752041,0.7561124026809053,1.7143429489751258,1.336695360183791,1.8062534273032043
-0.03826848947111331,0.8139799918991456,1.853359834149898,1.0942316557382694,6.269807491421716
-0.031630344497282976,0.6328653670380894,1.8323687578798618,1.3246216534452335,66.40048993915218
-0.010537375511054332,0.4684173824358818,1.7962290071051685,1.8008434191872236,33.98086260193077
-0.03820475814562445,0.6393102365532106,2.0260790640257382,1.4718572922590816,36.617329458078416
0.00487857004269275,0.7526553729048506,1.8157551261465414,1.517942106782132,7.70126061834776
-0.007567572055578623,0.569657424542065,1.227895781366506,1.7611969491751713,36.19985558898725
-0.06440604284869225,0.7221941892663458,2.973754590658757,1.5503197265487823,40.068649844195875
-0.033449665033100436,0.8830084391045174,1.5493293562284758,1.3889302364252767,-9.78889479398822
0.00673110579127178,0.46437459269252956,1.7127988429383363,1.2230575397248873,45.75816364355353
-0.029146983541273187,0.6719805367642904,2.001574974122588,2.3325153940876415,4.872932597218551
-0.030020853558933185,0.6528907601809812,1.6241230438376664,1.803466157693649,11.024440465938255
-0.058218445145241035,0.5408057252167109,2.428142177415767,1.7852380521406106,53.76580308694702
-0.017069744085830042,0.5017753199158332,1.964954918214177,1.9731090958223387,52.73863670593926
-0.0029689460522824697,0.5782954275241011,1.9543598652703076,1.2123836632459177,13.025775558558507
0.01711940579390292,0.6810723454128024,1.488642971288893,1.3986136277273142,17.77837572444946
-0.00507823543999386,0.4646995838996363,1.728208637178716,1.3221156923195458,27.693815952512864
-0.0141354603380762,0.4418787291539845,2.006680970271982,1.5305249261253895,51.83832150271405
0.0008387916407725646,0.6037736869355068,1.4201555783969095,1.5292711131811045,23.87838230368095
-0.02841566226705151,0.48645275995909226,2.024289987648181,2.20086320920283,60.53390791958202
-0.04234405607530027,0.5133267108222681,2.0231673276518025,1.9235474168878308,40.08235804495985
-0.022135122649761266,0.48937590255665775,2.272490120239545,1.5983137996769763,39.55874551195586
0.0020108450676936934,0.6562204264641428,1.4293887742170872,1.5637523043515782,30.522911527885867
-0.005879879023018678,0.7452996934744083,1.26889766236898,1.0630727720526665,-11.418111543364262
0.012224504891599472,0.40747529571992713,1.2471170359044232,1.82634965021579,62.020139788453776
-5.881580749481949e-5,0.2187201092323999,1.8275948520123695,1.3518962672339043,58.80985808111632
-0.025740323458970142,0.4839666755881062,1.9880939404237692,1.5629693767748138,43.16200584973001
-0.05741309763426026,0.6085416666105672,1.7028415698053554,2.3389636768734303,32.451737622140854
-0.024326294521409487,0.7077687646302483,1.775062407671895,1.7675866220370955,-1.2485861337721644
0.0031596910175179516,0.40870271963923466,1.7550008714965144,1.4848240511543591,28.842974688005484
-0.03749521581802039,0.5444294165608449,1.6938371758444188,1.588346398051132,34.43375438971907
-0.0018221542865854803,0.280395719028257,1.9240750924706043,0.795398873118204,51.52094665783909
-0.0030435749877922172,0.7699798947663588,0.9827199291761066,1.48717192241575,-6.793305376703074
-0.019182401148685746,0.4040298695616706,2.1553615817134464,1.6354031323162272,50.22441266066926
-0.0010422220825011081,0.5345364207671145,1.8534537957095152,1.6169300146229824,22.674552510722037
0.00041530392187713225,0.6783118265800281,1.905890748877093,1.239981393830279,11.143430382354495
-0.014285593029325014,0.5454118620133135,1.9990123434739555,1.4292829085130734,31.849390717065376
-0.004713313208502878,0.9096159964544273,1.3575553508240652,1.581870612615849,-25.254755763787216
-0.009901490430776658,0.627231605943194,1.294248168877757,1.60736464266795,26.63559971586858
-0.04061067566783097,0.7334913168835936,1.2800034483288338,1.812458994780462,22.99593637332441
-0.042027002429144034,0.6409918944705615,2.064937593455988,1.2744405648721393,-4.2930264910509095
-0.06295160347405195,0.6171792251278487,2.035513098116488,1.3205559617213622,33.48789675239391
0.014396283596150436,0.6413384915797258,1.5978432046493718,1.1668892928261734,36.66792524473283
-0.02036224541536759,0.7242320430831748,1.446941853976686,1.4080654248900304,-5.870806098563094
-0.02817852402782812,0.5665011828835025,2.25293568710449,1.8836936725159208,39.452778533325386
-0.0136537277043258,0.6312716900265882,1.7038825244501172,1.3187799457211942,40.838718581353646
-0.051023834489875124,0.6988068726711957,1.6234236554459498,2.083420348785502,16.83078871504597
0.004011541802692642,0.5897039704798995,1.3362929759678177,1.3122331250007278,30.152882648486752
-0.07741271366211296,0.6715567696676599,2.600511803620005,1.7871400545121716,12.098875009286758
-0.012784821554965357,0.5164199820361965,1.762951000606753,1.4396194890374192,50.24242838436953
-0.04045488643357219,0.6260142827869052,1.9889707250444875,1.8573331505073813,17.708972656646665
-0.010359416081363947,0.4065672473445308,2.0433750400571413,1.7237317361769464,42.67186764973087
-0.018750000000000003,0.7375,1.3937499999999998,1.3937499999999998,15.55141924273255
-0.019025672880901862,0.96769409546916,1.4581554659160965,1.2366814115862037,-19.544415409977546
-0.08313325844170034,0.7379452024896149,2.0297445302019734,1.75923093321557,30.542383992851683
-0.0452541635941702,0.46045844708130784,2.403778642390528,0.6000316411123214,36.652728760045306
-0.02540606620432574,0.6672209307819471,2.001078411707629,1.4482568480003797,2.676188878861012
0.0024493189808396437,0.7113873845489933,1.718375934910575,1.7069490648586005,5.3173571990162145
-0.01093575041865091,0.5943204047521424,1.5744324767206677,1.4266933917160616,20.184826744187376
0.0011057233348548338,0.6222985865834356,1.6239616280291005,1.2118294178942017,22.234814908478484
-0.01525465039574335,0.7400822779898464,1.7039580311529385,1.1838918374803717,15.65363326373074
-0.03521587321101191,0.6507331154492995,1.7629748752086416,1.5198926742567607,-0.7719540105174474
-0.005543826934176105,0.6426979439885329,1.72059338200299,1.4133970700434213,40.67042782699525
-0.05976423504707127,0.577141503182108,2.3273393424618116,1.9331749814584662,10.510928472535852
-0.014011438417458312,0.9019772837858944,1.8702255838694117,1.074123000073866,11.380210383150029
-0.005891674099850431,0.6261056169120442,1.7825712290320723,1.4616181543383047,25.463250413936407
-0.033924150686652874,0.6393019046954578,1.6363471672390002,1.6108709144391467,40.81329584423088
-0.008994858581015789,0.6653497248777002,1.4066532401933787,1.4511922766216496,-10.660124926910612
-0.054880254139210355,0.6140538865324245,2.09745857999328,2.1804086586310634,21.88518852576658
-0.01829250683855383,0.605229699991666,1.776992992330954,1.89271212045896,11.847118620997207
0.004751396179199216,0.24977455139160187,2.16590518951416,0.9926340103149416,56.57738231850817
-0.03391926655558779,0.638823228828995,1.6475778349091394,1.7860111288798102,-8.195074531187629
0.0035850249231228035,0.3514744455826657,2.04618255397606,1.2389879703948004,39.44397606247799
-0.01155078804136021,0.7983981650121379,1.7277975568836412,1.51401452047917,-6.328757027899201
-0.05167573954142779,0.8326579677746184,1.8772609727760117,1.5602510055951369,23.382766747651658
-0.03842667096901142,0.7623003435098044,1.8977810150434269,1.9981152753293983,20.116128210598617
-0.043514789543119055,0.7276354678119281,2.2623512994369444,1.1991533724171928,13.427280759710925
0.012085219082253164,0.4732375501742394,1.9516264863083181,1.3102755710448988,38.826163536337276
-0.0448942470552579,0.713603935390817,1.9260434386630287,2.0174748010039343,17.719928110738238
-0.1246570907564784,0.647193019686136,3.673203617075042,2.1833592334281064,35.57840740235417
-0.01696674208652252,0.6201586514825468,1.7649329337065436,1.4075534140048354,43.09045321584142
0.020957363416603966,0.7266829116922946,1.4493786705707756,1.343368094303693,18.797697428920742
-0.05133815987420963,0.6592709254120823,2.015097298149067,2.272430397703544,26.167042592799703
-0.026401033507265945,0.6214115287106345,2.0258220453716236,1.5260841377386734,36.72298215083197
0.013683068044414735,0.5524044732538204,1.5519520515984513,1.4683883720733353,54.06182842803378
-0.025506297352111348,0.5543770433891478,1.3271155239781265,1.905182163443032,47.22005097171973
-0.013543144703050711,0.4792149359826233,1.8484325748547836,1.5441570675198775,31.085423921877577
-0.008631283717636306,0.5735133106415413,1.6394994912530338,1.6409191088962982,22.12191482173148
-0.029314699189312617,0.6531526220103103,1.5408267108077485,1.4854779506491265,-5.612478493206595
-0.014049237989717269,0.315872646385133,1.8096069846805776,1.780583988311963,80.99316849788147
-0.12343108315773132,0.773741789109681,3.789606869130274,2.061303552282703,13.339775879981403
-0.01670083063684229,0.8690955705842838,1.55074009075376,1.0870704426456355,27.36216637784912
-0.0077270183746731055,0.5440807981011816,1.6814455216174624,1.5166881217309154,8.355032355590424
0.005121132015206347,0.4852733293877824,1.832893176596301,1.4609588664482112,27.321087384751763
-0.02456128945501896,0.49225581174040034,2.1611052969101086,1.6179803790530514,54.29648609048752
-0.018038689457752062,0.5093346236647616,1.7432275971210305,1.732490252963572,10.39856925185768
0.009315046554717935,0.6189635666407768,1.7739447796191914,1.5570456936886525,29.289398674234462
-0.13182316395296206,0.6002997568626314,2.9066589405493537,2.440436597931785,47.02932545855356
-0.021369765398381223,0.5005986908748478,1.9878608643237703,1.998442288754986,25.97026417068423
-0.026558442434133054,0.7063384833467132,1.7780400072702327,1.6675856815196068,18.973819654866702
-0.0018941262562926127,0.809096520791626,1.6307375180668542,1.3239296854658857,-31.741326262145662
-0.012158995532037508,0.6556885688529611,1.2276235785831344,1.3631545574359516,2.4769313306403546
-0.014449984735306072,0.45373743065580724,1.6917412686729874,1.8418071367351943,47.29330063101827
0.023679370862988082,0.7089885079061766,1.5169240294526234,1.8408685221673686,25.599668209857782
-0.012827832207334596,0.6278308444558447,1.3942595495601173,1.4516126894389592,39.413071992237064
-0.00957468130177324,0.2620407055693563,1.7491281007170265,1.9776565500168162,67.2568910222202
0.0027410565170337964,0.7276548771509641,1.7153024184296979,1.3011023422136367,-2.72936542791615
-0.014347254479238186,0.34632932133302086,2.197877799636768,1.0576819314784633,36.15375710538808
-0.006099274917590266,0.6338186243958561,1.6144855472219444,1.5652906059958327,4.166422930373756
-0.024279566707207597,0.666502942878144,1.5114107813498938,1.4104465101634958,33.036409078867564
-0.016676370456283306,0.6728865609361598,1.5618879737815534,1.4601585338007654,6.474251276417704
